<?xml version="1.0" encoding="UTF-8"?>
<DocSetNodes version="1.0">
  <TOC>
    <Node>
      <Name>Root</Name>
      <Path>main.html</Path>
      <Subnodes>
       <Node>
        <Name>Wwise Unity Integration</Name>
        <Path>main.html</Path>
        <Subnodes>
         <Node>
          <Name>Release Notes</Name>
          <Path>pg__releasenotes.html</Path>
          <Subnodes>
           <Node>
            <Name>New Features 2017.2</Name>
            <Path>pg__newfeatures__2017__2__0.html</Path>
            <Subnodes>
            </Subnodes>
           </Node>
           <Node>
            <Name>Important Migration Notes 2017.2</Name>
            <Path>pg__important__migration__notes__2017__2__0.html</Path>
            <Subnodes>
            </Subnodes>
           </Node>
           <Node>
            <Name>New Features 2017.1</Name>
            <Path>pg__newfeatures__2017__1__0.html</Path>
            <Subnodes>
            </Subnodes>
           </Node>
           <Node>
            <Name>Important Migration Notes 2017.1</Name>
            <Path>pg__important__migration__notes__2017__1__0.html</Path>
            <Subnodes>
            </Subnodes>
           </Node>
          </Subnodes>
         </Node>
         <Node>
          <Name>Installing or Upgrading the Integration in a Unity Project</Name>
          <Path>pg__installation.html</Path>
          <Subnodes>
           <Node>
            <Name>Prerequisites</Name>
            <Path>pg__requsinginte.html</Path>
            <Subnodes>
            </Subnodes>
           </Node>
           <Node>
            <Name>Installing a Wwise Integration Package for the First Time</Name>
            <Path>pg__installunitypackage.html</Path>
            <Subnodes>
            </Subnodes>
           </Node>
           <Node>
            <Name>Changes Made to Your Unity Project</Name>
            <Path>pg__installprojectchange.html</Path>
            <Subnodes>
            </Subnodes>
           </Node>
           <Node>
            <Name>Integrating Sounds in Your Game</Name>
            <Path>pg__installvalidation.html</Path>
            <Subnodes>
            </Subnodes>
           </Node>
           <Node>
            <Name>Where Should My SoundBanks Be Located?</Name>
            <Path>pg__soundbank__location.html</Path>
            <Subnodes>
            </Subnodes>
           </Node>
           <Node>
            <Name>Adding Plug-ins</Name>
            <Path>pg__install__addlicensedplugins.html</Path>
            <Subnodes>
            </Subnodes>
           </Node>
           <Node>
            <Name>Updating/Upgrading the Wwise Integration Package to a Newer Version</Name>
            <Path>pg__updating.html</Path>
            <Subnodes>
            </Subnodes>
           </Node>
          </Subnodes>
         </Node>
         <Node>
          <Name>Uninstalling the Wwise Integration Package</Name>
          <Path>pg__uninstalling.html</Path>
          <Subnodes>
          </Subnodes>
         </Node>
         <Node>
          <Name>Using the Wwise Unity Integration</Name>
          <Path>pg__appscripts.html</Path>
          <Subnodes>
           <Node>
            <Name>Wwise Picker</Name>
            <Path>unity__picker.html</Path>
            <Subnodes>
            </Subnodes>
           </Node>
           <Node>
            <Name>Wwise Types</Name>
            <Path>unity__wwise__types.html</Path>
            <Subnodes>
            </Subnodes>
           </Node>
           <Node>
            <Name>Adding New Triggers for Wwise Events</Name>
            <Path>unity__add__triggers.html</Path>
            <Subnodes>
            </Subnodes>
           </Node>
           <Node>
            <Name>Wwise Timeline Integration</Name>
            <Path>unity__timeline.html</Path>
            <Subnodes>
            </Subnodes>
           </Node>
          </Subnodes>
         </Node>
         <Node>
          <Name>Build your Unity Game for a Target Platform</Name>
          <Path>pg__deploy.html</Path>
          <Subnodes>
           <Node>
            <Name>Build for Android</Name>
            <Path>pg__builddeployandroid.html</Path>
            <Subnodes>
            </Subnodes>
           </Node>
           <Node>
            <Name>Build for iOS</Name>
            <Path>pg__howtobuilddeployios.html</Path>
            <Subnodes>
            </Subnodes>
           </Node>
           <Node>
            <Name>Build for Linux</Name>
            <Path>pg__howtobuilddeploylinux.html</Path>
            <Subnodes>
            </Subnodes>
           </Node>
           <Node>
            <Name>Using Wwise Custom Platforms in Unity</Name>
            <Path>pg__customplatforms.html</Path>
            <Subnodes>
            </Subnodes>
           </Node>
          </Subnodes>
         </Node>
         <Node>
          <Name>Making DLCs with Wwise and Unity</Name>
          <Path>pg__unity__dlc.html</Path>
          <Subnodes>
          </Subnodes>
         </Node>
         <Node>
          <Name>Build the Native Integration Plug-in from Source</Name>
          <Path>pg__building.html</Path>
          <Subnodes>
           <Node>
            <Name>Build Log</Name>
            <Path>pg__buildlog.html</Path>
            <Subnodes>
            </Subnodes>
           </Node>
           <Node>
            <Name>Updating/Upgrading the Wwise Integration Package to a Newer Version When You Have Modified the Plug-in&apos;s C++ Code</Name>
            <Path>pg__updating__modified__code.html</Path>
            <Subnodes>
            </Subnodes>
           </Node>
          </Subnodes>
         </Node>
         <Node>
          <Name>API Changes and Limitations</Name>
          <Path>pg__limitations.html</Path>
          <Subnodes>
          </Subnodes>
         </Node>
         <Node>
          <Name>Platform-Specific Information</Name>
          <Path>pg__platforms.html</Path>
          <Subnodes>
           <Node>
            <Name>Background Mode (Android)</Name>
            <Path>pg__pauseresumeandroid.html</Path>
            <Subnodes>
            </Subnodes>
           </Node>
           <Node>
            <Name>Using OBB Files (Android)</Name>
            <Path>pg__loadbankobb.html</Path>
            <Subnodes>
            </Subnodes>
           </Node>
           <Node>
            <Name>Audio Session Interruptions (iOS)</Name>
            <Path>pg__audiosessionios.html</Path>
            <Subnodes>
            </Subnodes>
           </Node>
           <Node>
            <Name>Windows Store Apps Specific Information</Name>
            <Path>pg___w_s_a_info.html</Path>
            <Subnodes>
            </Subnodes>
           </Node>
          </Subnodes>
         </Node>
         <Node>
          <Name>Wwise Demo Game</Name>
          <Path>pg__wwisedemogame.html</Path>
          <Subnodes>
           <Node>
            <Name>Using Wwise Spatial Audio in Unity</Name>
            <Path>pg__spatialaudio.html</Path>
            <Subnodes>
             <Node>
              <Name>Preparation for the Spatial Audio Tutorials</Name>
              <Path>pg__spatialaudio__preparation.html</Path>
              <Subnodes>
              </Subnodes>
             </Node>
             <Node>
              <Name>Surface Reflectors Tutorial</Name>
              <Path>pg__surface__reflector__tut.html</Path>
              <Subnodes>
              </Subnodes>
             </Node>
             <Node>
              <Name>Rooms and Portals Tutorial</Name>
              <Path>pg__rooms__portals__tut.html</Path>
              <Subnodes>
              </Subnodes>
             </Node>
             <Node>
              <Name>Obstruction and Occlusion</Name>
              <Path>pg__obs__occ.html</Path>
              <Subnodes>
              </Subnodes>
             </Node>
            </Subnodes>
           </Node>
          </Subnodes>
         </Node>
         <Node>
          <Name>Using Wwise Spatial Audio in Unity</Name>
          <Path>pg__spatialaudio.html</Path>
          <Subnodes>
           <Node>
            <Name>Preparation for the Spatial Audio Tutorials</Name>
            <Path>pg__spatialaudio__preparation.html</Path>
            <Subnodes>
            </Subnodes>
           </Node>
           <Node>
            <Name>Surface Reflectors Tutorial</Name>
            <Path>pg__surface__reflector__tut.html</Path>
            <Subnodes>
            </Subnodes>
           </Node>
           <Node>
            <Name>Rooms and Portals Tutorial</Name>
            <Path>pg__rooms__portals__tut.html</Path>
            <Subnodes>
            </Subnodes>
           </Node>
           <Node>
            <Name>Obstruction and Occlusion</Name>
            <Path>pg__obs__occ.html</Path>
            <Subnodes>
            </Subnodes>
           </Node>
          </Subnodes>
         </Node>
         <Node>
          <Name>Troubleshooting</Name>
          <Path>unity__troubleshooting.html</Path>
          <Subnodes>
          </Subnodes>
         </Node>
        </Subnodes>
       </Node>
       <Node>
        <Name>Class List</Name>
        <Path>annotated.html</Path>
        <Subnodes>
         <Node>
          <Name>AK::Wwise::AcousticTexture</Name>
          <Path>class_a_k_1_1_wwise_1_1_acoustic_texture.html</Path>
         </Node>
         <Node>
          <Name>AK::Wwise::AuxBus</Name>
          <Path>class_a_k_1_1_wwise_1_1_aux_bus.html</Path>
         </Node>
         <Node>
          <Name>AK::Wwise::Bank</Name>
          <Path>class_a_k_1_1_wwise_1_1_bank.html</Path>
         </Node>
         <Node>
          <Name>AK::Wwise::BaseGroupType</Name>
          <Path>class_a_k_1_1_wwise_1_1_base_group_type.html</Path>
         </Node>
         <Node>
          <Name>AK::Wwise::BaseType</Name>
          <Path>class_a_k_1_1_wwise_1_1_base_type.html</Path>
         </Node>
         <Node>
          <Name>AK::Wwise::CallbackFlags</Name>
          <Path>class_a_k_1_1_wwise_1_1_callback_flags.html</Path>
         </Node>
         <Node>
          <Name>AK::Wwise::Event</Name>
          <Path>class_a_k_1_1_wwise_1_1_event.html</Path>
         </Node>
         <Node>
          <Name>AK::Wwise::RTPC</Name>
          <Path>class_a_k_1_1_wwise_1_1_r_t_p_c.html</Path>
         </Node>
         <Node>
          <Name>AK::Wwise::State</Name>
          <Path>class_a_k_1_1_wwise_1_1_state.html</Path>
         </Node>
         <Node>
          <Name>AK::Wwise::Switch</Name>
          <Path>class_a_k_1_1_wwise_1_1_switch.html</Path>
         </Node>
         <Node>
          <Name>AK::Wwise::Trigger</Name>
          <Path>class_a_k_1_1_wwise_1_1_trigger.html</Path>
         </Node>
         <Node>
          <Name>AkAmbient</Name>
          <Path>class_ak_ambient.html</Path>
         </Node>
         <Node>
          <Name>AkAudioListener</Name>
          <Path>class_ak_audio_listener.html</Path>
         </Node>
         <Node>
          <Name>AkBank</Name>
          <Path>class_ak_bank.html</Path>
         </Node>
         <Node>
          <Name>AkCallbackManager</Name>
          <Path>class_ak_callback_manager.html</Path>
         </Node>
         <Node>
          <Name>AkEmitterObstructionOcclusion</Name>
          <Path>class_ak_emitter_obstruction_occlusion.html</Path>
         </Node>
         <Node>
          <Name>AkEnvironment</Name>
          <Path>class_ak_environment.html</Path>
         </Node>
         <Node>
          <Name>AkEnvironment::AkEnvironment_CompareBySelectionAlgorithm</Name>
          <Path>class_ak_environment_1_1_ak_environment___compare_by_selection_algorithm.html</Path>
         </Node>
         <Node>
          <Name>AkEnvironmentPortal</Name>
          <Path>class_ak_environment_portal.html</Path>
         </Node>
         <Node>
          <Name>AkEvent</Name>
          <Path>class_ak_event.html</Path>
         </Node>
         <Node>
          <Name>AkEventCallbackMsg</Name>
          <Path>class_ak_event_callback_msg.html</Path>
         </Node>
         <Node>
          <Name>AkGameObj</Name>
          <Path>class_ak_game_obj.html</Path>
         </Node>
         <Node>
          <Name>AkInitializer</Name>
          <Path>class_ak_initializer.html</Path>
         </Node>
         <Node>
          <Name>AkMemBankLoader</Name>
          <Path>class_ak_mem_bank_loader.html</Path>
         </Node>
         <Node>
          <Name>AkRoom</Name>
          <Path>class_ak_room.html</Path>
         </Node>
         <Node>
          <Name>AkRoomPortal</Name>
          <Path>class_ak_room_portal.html</Path>
         </Node>
         <Node>
          <Name>AkRoomPortalObstruction</Name>
          <Path>class_ak_room_portal_obstruction.html</Path>
         </Node>
         <Node>
          <Name>AkSpatialAudioEmitter</Name>
          <Path>class_ak_spatial_audio_emitter.html</Path>
         </Node>
         <Node>
          <Name>AkSpatialAudioListener</Name>
          <Path>class_ak_spatial_audio_listener.html</Path>
         </Node>
         <Node>
          <Name>AkState</Name>
          <Path>class_ak_state.html</Path>
         </Node>
         <Node>
          <Name>AkSurfaceReflector</Name>
          <Path>class_ak_surface_reflector.html</Path>
         </Node>
         <Node>
          <Name>AkSwitch</Name>
          <Path>class_ak_switch.html</Path>
         </Node>
         <Node>
          <Name>AkTerminator</Name>
          <Path>class_ak_terminator.html</Path>
         </Node>
         <Node>
          <Name>AkTriggerBase</Name>
          <Path>class_ak_trigger_base.html</Path>
         </Node>
        </Subnodes>
       </Node>
       <Node>
        <Name>Class Hierarchy</Name>
        <Path>hierarchy.html</Path>
        <Subnodes>
         <Node>
          <Name>AK::Wwise::BaseType</Name>
          <Path>class_a_k_1_1_wwise_1_1_base_type.html</Path>
          <Subnodes>
           <Node>
            <Name>AK::Wwise::AcousticTexture</Name>
            <Path>class_a_k_1_1_wwise_1_1_acoustic_texture.html</Path>
           </Node>
           <Node>
            <Name>AK::Wwise::AuxBus</Name>
            <Path>class_a_k_1_1_wwise_1_1_aux_bus.html</Path>
           </Node>
           <Node>
            <Name>AK::Wwise::Bank</Name>
            <Path>class_a_k_1_1_wwise_1_1_bank.html</Path>
           </Node>
           <Node>
            <Name>AK::Wwise::BaseGroupType</Name>
            <Path>class_a_k_1_1_wwise_1_1_base_group_type.html</Path>
            <Subnodes>
             <Node>
              <Name>AK::Wwise::State</Name>
              <Path>class_a_k_1_1_wwise_1_1_state.html</Path>
             </Node>
             <Node>
              <Name>AK::Wwise::Switch</Name>
              <Path>class_a_k_1_1_wwise_1_1_switch.html</Path>
             </Node>
            </Subnodes>
           </Node>
           <Node>
            <Name>AK::Wwise::Event</Name>
            <Path>class_a_k_1_1_wwise_1_1_event.html</Path>
           </Node>
           <Node>
            <Name>AK::Wwise::RTPC</Name>
            <Path>class_a_k_1_1_wwise_1_1_r_t_p_c.html</Path>
           </Node>
           <Node>
            <Name>AK::Wwise::Trigger</Name>
            <Path>class_a_k_1_1_wwise_1_1_trigger.html</Path>
           </Node>
          </Subnodes>
         </Node>
         <Node>
          <Name>AK::Wwise::CallbackFlags</Name>
          <Path>class_a_k_1_1_wwise_1_1_callback_flags.html</Path>
         </Node>
         <Node>
          <Name>AkAudioListener</Name>
          <Path>class_ak_audio_listener.html</Path>
         </Node>
         <Node>
          <Name>AkBank</Name>
          <Path>class_ak_bank.html</Path>
         </Node>
         <Node>
          <Name>AkCallbackManager</Name>
          <Path>class_ak_callback_manager.html</Path>
         </Node>
         <Node>
          <Name>AkEmitterObstructionOcclusion</Name>
          <Path>class_ak_emitter_obstruction_occlusion.html</Path>
         </Node>
         <Node>
          <Name>AkEnvironment</Name>
          <Path>class_ak_environment.html</Path>
         </Node>
         <Node>
          <Name>AkEnvironment::AkEnvironment_CompareBySelectionAlgorithm</Name>
          <Path>class_ak_environment_1_1_ak_environment___compare_by_selection_algorithm.html</Path>
         </Node>
         <Node>
          <Name>AkEnvironmentPortal</Name>
          <Path>class_ak_environment_portal.html</Path>
         </Node>
         <Node>
          <Name>AkEvent</Name>
          <Path>class_ak_event.html</Path>
          <Subnodes>
           <Node>
            <Name>AkAmbient</Name>
            <Path>class_ak_ambient.html</Path>
           </Node>
          </Subnodes>
         </Node>
         <Node>
          <Name>AkEventCallbackMsg</Name>
          <Path>class_ak_event_callback_msg.html</Path>
         </Node>
         <Node>
          <Name>AkGameObj</Name>
          <Path>class_ak_game_obj.html</Path>
         </Node>
         <Node>
          <Name>AkInitializer</Name>
          <Path>class_ak_initializer.html</Path>
         </Node>
         <Node>
          <Name>AkMemBankLoader</Name>
          <Path>class_ak_mem_bank_loader.html</Path>
         </Node>
         <Node>
          <Name>AkRoom</Name>
          <Path>class_ak_room.html</Path>
         </Node>
         <Node>
          <Name>AkRoomPortal</Name>
          <Path>class_ak_room_portal.html</Path>
         </Node>
         <Node>
          <Name>AkRoomPortalObstruction</Name>
          <Path>class_ak_room_portal_obstruction.html</Path>
         </Node>
         <Node>
          <Name>AkSpatialAudioEmitter</Name>
          <Path>class_ak_spatial_audio_emitter.html</Path>
         </Node>
         <Node>
          <Name>AkSpatialAudioListener</Name>
          <Path>class_ak_spatial_audio_listener.html</Path>
         </Node>
         <Node>
          <Name>AkState</Name>
          <Path>class_ak_state.html</Path>
         </Node>
         <Node>
          <Name>AkSurfaceReflector</Name>
          <Path>class_ak_surface_reflector.html</Path>
         </Node>
         <Node>
          <Name>AkSwitch</Name>
          <Path>class_ak_switch.html</Path>
         </Node>
         <Node>
          <Name>AkTerminator</Name>
          <Path>class_ak_terminator.html</Path>
         </Node>
         <Node>
          <Name>AkTriggerBase</Name>
          <Path>class_ak_trigger_base.html</Path>
         </Node>
        </Subnodes>
       </Node>
       <Node>
        <Name>Class Members</Name>
        <Path>functions.html</Path>
       </Node>
      </Subnodes>
    </Node>
  </TOC>
</DocSetNodes>
